t,duration,distance
11:15:00,132.0,1336.0
20:00:00,426.0,3702.0
18:15:00,707.0,8354.0
18:45:00,163.0,1521.0
19:00:00,437.0,3818.0
18:30:00,626.0,7670.0
18:00:00,566.0,5879.0
20:15:00,626.0,7670.0
19:30:00,344.0,3122.0
19:15:00,205.0,1730.0
19:45:00,527.0,5594.0
21:00:00,733.0,9933.0
18:15:00,175.0,1377.0
11:15:00,377.0,3581.0
18:45:00,58.0,508.0
20:30:00,267.0,2350.0
19:15:00,657.0,9338.0
19:30:00,176.0,1533.0
18:30:00,274.0,2557.0
18:00:00,367.0,2918.0
18:45:00,322.0,2650.0
18:15:00,447.0,4843.0
19:00:00,67.0,623.0
20:45:00,243.0,2184.0
19:30:00,402.0,3849.0
19:45:00,246.0,1981.0
19:00:00,277.0,2380.0
18:15:00,626.0,7670.0
19:45:00,626.0,7670.0
18:00:00,130.0,1276.0
12:30:00,224.0,1815.0
19:45:00,665.0,7901.0
19:30:00,138.0,1142.0
18:00:00,626.0,7670.0
18:00:00,234.0,2026.0
19:15:00,276.0,2388.0
20:00:00,626.0,7670.0
19:30:00,285.0,2365.0
18:45:00,287.0,2531.0
18:45:00,220.0,1741.0
18:45:00,352.0,2738.0
18:45:00,707.0,8354.0
18:15:00,287.0,2363.0
19:30:00,707.0,8354.0
19:45:00,262.0,2295.0
18:00:00,626.0,7670.0
19:00:00,707.0,8354.0
17:45:00,626.0,7670.0
18:45:00,187.0,1667.0
18:30:00,505.0,4994.0
18:30:00,707.0,8354.0
19:15:00,626.0,7670.0
18:30:00,705.0,8445.0
18:15:00,629.0,6226.0
19:15:00,707.0,8354.0
18:00:00,626.0,7670.0
18:15:00,161.0,1362.0
19:30:00,624.0,6515.0
19:30:00,82.0,573.0
18:15:00,239.0,2076.0
18:15:00,230.0,2015.0
18:15:00,329.0,2645.0
19:00:00,175.0,1566.0
18:45:00,314.0,2670.0
20:15:00,77.0,646.0
20:00:00,113.0,990.0
18:45:00,314.0,2670.0
18:00:00,143.0,1274.0
18:15:00,685.0,6474.0
19:00:00,626.0,7670.0
19:00:00,626.0,7670.0
17:45:00,626.0,7670.0
13:45:00,381.0,3574.0
19:00:00,264.0,2014.0
18:45:00,158.0,1471.0
19:30:00,266.0,1850.0
13:15:00,163.0,1521.0
20:15:00,292.0,2357.0
18:15:00,214.0,1878.0
19:45:00,707.0,8354.0
18:45:00,366.0,3490.0
20:15:00,699.0,8374.0
19:30:00,626.0,7670.0
20:30:00,626.0,7670.0
19:45:00,234.0,1943.0
19:15:00,523.0,4386.0
19:45:00,699.0,8374.0
20:30:00,626.0,7772.0
19:15:00,103.0,880.0
18:30:00,707.0,8354.0
18:45:00,626.0,7670.0
21:00:00,541.0,6766.0
19:45:00,699.0,8374.0
19:15:00,624.0,6515.0
18:30:00,697.0,6754.0
18:15:00,542.0,6899.0
19:15:00,626.0,7670.0
20:30:00,292.0,2309.0
19:45:00,622.0,6884.0
20:00:00,580.0,5326.0
19:00:00,707.0,8354.0
18:15:00,168.0,1319.0
20:00:00,316.0,2598.0
12:30:00,265.0,2513.0
20:30:00,138.0,1142.0
12:00:00,167.0,1485.0
19:30:00,134.0,1127.0
11:15:00,352.0,2738.0
18:45:00,265.0,2513.0
18:45:00,320.0,2788.0
19:30:00,296.0,2312.0
19:00:00,299.0,2574.0
11:00:00,621.0,7471.0
19:45:00,262.0,2295.0
18:00:00,273.0,2690.0
19:00:00,282.0,2512.0
19:45:00,133.0,1263.0
18:45:00,100.0,906.0
18:15:00,626.0,7670.0
20:15:00,399.0,3677.0
21:30:00,626.0,7670.0
18:00:00,334.0,2999.0
18:15:00,250.0,2035.0
18:30:00,545.0,5723.0
17:30:00,626.0,7670.0
21:00:00,335.0,2712.0
18:15:00,248.0,2326.0
19:00:00,707.0,8354.0
19:15:00,170.0,1466.0
20:30:00,699.0,8374.0
19:15:00,262.0,2295.0
18:30:00,314.0,2906.0
18:15:00,527.0,5594.0
19:30:00,160.0,1660.0
20:30:00,626.0,7670.0
18:00:00,227.0,1900.0
20:45:00,285.0,2365.0
18:15:00,626.0,7670.0
21:15:00,699.0,8374.0
19:30:00,326.0,2661.0
20:30:00,324.0,2760.0
20:00:00,699.0,8374.0
20:00:00,262.0,2226.0
20:30:00,431.0,4146.0
18:15:00,258.0,2178.0
19:30:00,220.0,2004.0
19:45:00,626.0,7670.0
18:30:00,277.0,2395.0
18:30:00,641.0,8446.0
18:00:00,208.0,1755.0
19:15:00,268.0,2302.0
20:00:00,626.0,7670.0
20:30:00,626.0,7670.0
19:00:00,310.0,3083.0
19:45:00,626.0,7670.0
18:15:00,242.0,2060.0
18:00:00,910.0,15056.0
19:45:00,707.0,8354.0
18:00:00,58.0,508.0
18:15:00,285.0,2365.0
19:30:00,264.0,2014.0
18:00:00,626.0,7670.0
20:00:00,626.0,7670.0
19:00:00,176.0,1579.0
19:30:00,626.0,7670.0
20:00:00,163.0,1521.0
18:15:00,230.0,2172.0
18:15:00,621.0,7471.0
19:45:00,349.0,2846.0
19:30:00,601.0,5962.0
19:15:00,626.0,7670.0
18:15:00,626.0,7670.0
20:00:00,318.0,2624.0
19:45:00,239.0,2033.0
20:30:00,707.0,8354.0
20:00:00,399.0,3712.0
20:15:00,223.0,1747.0
20:15:00,352.0,2738.0
18:00:00,707.0,8354.0
19:30:00,705.0,8445.0
18:30:00,431.0,4854.0
18:30:00,201.0,1968.0
20:30:00,331.0,3023.0
21:00:00,190.0,1609.0
12:15:00,437.0,3811.0
20:15:00,208.0,1755.0
18:45:00,707.0,8354.0
18:15:00,292.0,2207.0
19:15:00,377.0,3277.0
18:15:00,221.0,1758.0
18:15:00,707.0,8354.0
19:45:00,237.0,1965.0
18:15:00,386.0,3515.0
20:00:00,316.0,2598.0
19:15:00,423.0,3621.0
19:00:00,518.0,5898.0
19:00:00,122.0,941.0
19:00:00,314.0,2670.0
20:15:00,626.0,7670.0
18:15:00,699.0,8374.0
19:30:00,551.0,5973.0
18:30:00,360.0,3443.0
18:00:00,484.0,4390.0
17:30:00,292.0,2309.0
18:30:00,723.0,10076.0
18:45:00,1152.0,14712.0
20:15:00,499.0,5311.0
18:00:00,330.0,2949.0
20:30:00,216.0,1833.0
19:30:00,852.0,10244.0
20:30:00,626.0,7670.0
20:30:00,626.0,7670.0
20:45:00,304.0,3008.0
20:00:00,145.0,1247.0
11:15:00,252.0,2136.0
19:30:00,314.0,2906.0
19:45:00,273.0,2608.0
18:15:00,707.0,8354.0
19:30:00,573.0,5835.0
19:30:00,299.0,2574.0
19:00:00,626.0,7670.0
18:30:00,389.0,3636.0
18:30:00,175.0,1566.0
19:30:00,183.0,1581.0
19:45:00,754.0,11792.0
17:30:00,458.0,5110.0
18:00:00,272.0,2308.0
18:45:00,156.0,1368.0
20:00:00,123.0,1150.0
14:30:00,626.0,7670.0
18:45:00,62.0,588.0
19:45:00,699.0,8374.0
19:30:00,211.0,1891.0
19:15:00,240.0,1745.0
18:30:00,361.0,3274.0
18:00:00,178.0,1557.0
18:00:00,707.0,8354.0
20:00:00,335.0,2712.0
19:30:00,527.0,5594.0
18:30:00,686.0,7433.0
20:30:00,807.0,11134.0
19:45:00,626.0,7670.0
20:15:00,254.0,1993.0
11:15:00,305.0,2396.0
20:00:00,431.0,4854.0
19:30:00,334.0,3186.0
18:15:00,228.0,1925.0
20:15:00,146.0,1312.0
18:30:00,607.0,5817.0
21:00:00,152.0,1377.0
19:15:00,626.0,7670.0
19:45:00,657.0,9338.0
19:30:00,707.0,8354.0
20:00:00,207.0,1848.0
20:30:00,481.0,4132.0
19:30:00,626.0,7670.0
19:00:00,133.0,1201.0
16:45:00,272.0,2442.0
20:45:00,406.0,3569.0
18:30:00,707.0,8354.0
18:45:00,293.0,2668.0
19:45:00,152.0,1286.0
19:30:00,293.0,2481.0
20:00:00,196.0,1696.0
13:00:00,478.0,6246.0
18:15:00,129.0,1037.0
19:15:00,626.0,7670.0
18:15:00,699.0,8374.0
20:15:00,351.0,2770.0
15:00:00,621.0,7471.0
18:15:00,464.0,4117.0
13:30:00,324.0,2760.0
11:30:00,375.0,3382.0
19:30:00,626.0,7670.0
11:45:00,312.0,2544.0
19:45:00,626.0,7670.0
19:00:00,239.0,1839.0
19:30:00,458.0,4013.0
18:00:00,707.0,8354.0
19:00:00,215.0,1528.0
19:00:00,198.0,1673.0
18:00:00,470.0,4707.0
19:00:00,275.0,2516.0
18:15:00,626.0,7670.0
19:30:00,210.0,1846.0
19:15:00,114.0,1076.0
18:45:00,160.0,1535.0
18:15:00,626.0,7670.0
19:15:00,88.0,709.0
18:15:00,421.0,3374.0
18:00:00,626.0,7670.0
21:15:00,266.0,2219.0
19:45:00,501.0,4057.0
19:15:00,621.0,7471.0
12:30:00,215.0,1720.0
18:30:00,626.0,7670.0
18:30:00,365.0,3329.0
19:30:00,321.0,3175.0
18:45:00,626.0,7670.0
18:15:00,616.0,6685.0
18:00:00,344.0,3043.0
20:15:00,626.0,7670.0
18:30:00,527.0,5594.0
11:30:00,217.0,2052.0
19:00:00,173.0,1192.0
19:00:00,422.0,4060.0
18:30:00,699.0,8374.0
18:30:00,626.0,7670.0
19:45:00,157.0,1595.0
19:30:00,626.0,7670.0
20:00:00,349.0,2846.0
21:15:00,263.0,2092.0
17:45:00,707.0,8354.0
19:30:00,196.0,1545.0
19:15:00,109.0,881.0
12:45:00,442.0,4180.0
18:15:00,443.0,4125.0
20:15:00,602.0,6353.0
19:30:00,244.0,2407.0
19:15:00,70.0,564.0
18:15:00,180.0,1561.0
18:45:00,287.0,2739.0
18:30:00,707.0,8354.0
18:45:00,150.0,1165.0
18:15:00,152.0,1104.0
11:15:00,626.0,7670.0
19:00:00,626.0,7670.0
21:00:00,303.0,3030.0
20:45:00,186.0,1578.0
18:15:00,626.0,7670.0
18:45:00,707.0,8354.0
19:30:00,399.0,3920.0
18:00:00,406.0,3569.0
19:30:00,168.0,1319.0
20:15:00,190.0,1862.0
19:00:00,240.0,1745.0
18:30:00,311.0,2347.0
20:15:00,699.0,8374.0
19:15:00,539.0,5777.0
19:00:00,386.0,3515.0
19:45:00,699.0,8374.0
20:30:00,304.0,2525.0
19:00:00,285.0,2365.0
16:30:00,172.0,1449.0
18:15:00,626.0,7670.0
19:00:00,366.0,2874.0
19:45:00,255.0,2178.0
19:15:00,202.0,1729.0
19:00:00,626.0,7670.0
20:15:00,267.0,2301.0
13:00:00,152.0,1175.0
18:15:00,251.0,1861.0
18:45:00,262.0,2222.0
18:15:00,626.0,7670.0
20:00:00,372.0,3344.0
19:45:00,283.0,2384.0
19:45:00,860.0,9655.0
12:15:00,612.0,7483.0
11:15:00,273.0,2264.0
18:15:00,699.0,8374.0
20:15:00,626.0,7670.0
18:45:00,349.0,3151.0
18:45:00,264.0,2014.0
19:15:00,626.0,7670.0
18:15:00,707.0,8354.0
20:15:00,254.0,1993.0
18:30:00,626.0,7670.0
20:15:00,626.0,7670.0
18:30:00,504.0,5350.0
19:15:00,266.0,2314.0
19:30:00,295.0,2555.0
19:00:00,860.0,9655.0
19:15:00,138.0,1142.0
18:30:00,324.0,3232.0
19:00:00,160.0,1055.0
20:00:00,626.0,7670.0
19:30:00,385.0,3305.0
19:15:00,67.0,623.0
18:30:00,237.0,1758.0
21:00:00,285.0,2365.0
18:15:00,60.0,368.0
19:15:00,316.0,2992.0
18:15:00,17.0,170.0
21:00:00,182.0,1794.0
18:45:00,626.0,7670.0
19:30:00,626.0,7670.0
20:45:00,486.0,4629.0
19:30:00,626.0,7670.0
18:30:00,296.0,2668.0
19:30:00,187.0,1432.0
19:45:00,332.0,3048.0
19:45:00,345.0,2715.0
18:15:00,163.0,1521.0
17:15:00,626.0,7670.0
18:45:00,626.0,7670.0
18:00:00,626.0,7670.0
18:30:00,613.0,5996.0
20:45:00,276.0,2601.0
19:30:00,291.0,2767.0
18:00:00,314.0,2670.0
19:30:00,626.0,7670.0
21:00:00,137.0,1062.0
18:15:00,95.0,788.0
19:15:00,326.0,2661.0
19:45:00,707.0,8354.0
20:30:00,403.0,3779.0
12:30:00,138.0,1142.0
19:30:00,172.0,1601.0
20:15:00,699.0,6649.0
13:30:00,259.0,1906.0
19:45:00,318.0,2798.0
17:45:00,145.0,1000.0
20:45:00,254.0,2144.0
21:15:00,475.0,3898.0
18:15:00,210.0,1846.0
19:15:00,626.0,7670.0
20:00:00,373.0,2808.0
20:45:00,234.0,1943.0
18:00:00,314.0,2670.0
20:30:00,280.0,2183.0
18:00:00,58.0,486.0
17:00:00,288.0,2537.0
20:00:00,589.0,7266.0
19:45:00,705.0,8044.0
11:30:00,300.0,2866.0
19:45:00,699.0,8374.0
19:30:00,249.0,2009.0
18:45:00,226.0,1856.0
14:00:00,279.0,2222.0
11:30:00,380.0,3518.0
19:15:00,34.0,318.0
11:45:00,134.0,1222.0
19:45:00,573.0,6452.0
18:15:00,723.0,10076.0
18:45:00,291.0,2767.0
20:00:00,285.0,2365.0
19:30:00,88.0,808.0
18:00:00,626.0,7670.0
19:00:00,415.0,4676.0
13:15:00,203.0,1734.0
17:45:00,696.0,8811.0
19:00:00,621.0,7471.0
19:45:00,626.0,7670.0
19:15:00,193.0,1713.0
19:30:00,296.0,2668.0
19:45:00,356.0,3116.0
14:30:00,157.0,1595.0
21:00:00,175.0,1333.0
18:45:00,541.0,6766.0
19:00:00,220.0,1741.0
19:15:00,541.0,6766.0
19:30:00,168.0,1515.0
18:30:00,187.0,1667.0
19:45:00,366.0,2874.0
13:00:00,110.0,818.0
18:00:00,707.0,8354.0
19:00:00,707.0,8354.0
19:45:00,201.0,1892.0
20:30:00,386.0,3596.0
18:30:00,59.0,524.0
19:45:00,218.0,1880.0
20:30:00,338.0,3372.0
18:45:00,303.0,2741.0
18:30:00,246.0,2026.0
19:15:00,626.0,7670.0
20:45:00,626.0,7670.0
18:00:00,626.0,7670.0
18:15:00,847.0,10911.0
19:45:00,626.0,7670.0
11:30:00,133.0,1201.0
18:30:00,723.0,10076.0
18:30:00,262.0,2295.0
20:30:00,182.0,1331.0
19:00:00,626.0,7670.0
20:30:00,351.0,2770.0
11:45:00,58.0,508.0
20:00:00,325.0,3140.0
19:15:00,626.0,7670.0
18:30:00,626.0,7670.0
11:15:00,852.0,10244.0
18:15:00,699.0,8374.0
12:45:00,188.0,1501.0
18:45:00,351.0,2770.0
18:30:00,338.0,3381.0
18:30:00,594.0,6377.0
18:15:00,259.0,2076.0
17:00:00,343.0,3213.0
19:00:00,707.0,8354.0
20:30:00,58.0,518.0
20:15:00,230.0,2098.0
20:15:00,258.0,2240.0
12:30:00,585.0,6118.0
12:30:00,225.0,2179.0
20:15:00,145.0,1238.0
18:30:00,291.0,2767.0
18:15:00,626.0,7670.0
19:30:00,96.0,571.0
18:30:00,707.0,8354.0
19:45:00,314.0,2670.0
19:00:00,241.0,1948.0
19:00:00,308.0,2439.0
12:15:00,152.0,1377.0
17:30:00,707.0,8354.0
18:45:00,268.0,2189.0
19:45:00,117.0,846.0
19:30:00,160.0,1088.0
11:15:00,234.0,1943.0
19:45:00,638.0,7763.0
18:15:00,164.0,1137.0
19:00:00,314.0,2906.0
18:15:00,525.0,5813.0
18:15:00,310.0,3083.0
11:30:00,164.0,1137.0
18:15:00,282.0,2314.0
18:15:00,393.0,3765.0
18:45:00,699.0,8374.0
19:30:00,375.0,3434.0
20:15:00,360.0,3124.0
11:15:00,271.0,2215.0
18:45:00,168.0,1330.0
18:30:00,319.0,2902.0
11:30:00,229.0,2067.0
18:45:00,852.0,10244.0
18:45:00,137.0,1062.0
13:45:00,220.0,1993.0
19:45:00,262.0,2295.0
18:45:00,462.0,4423.0
11:30:00,522.0,5452.0
18:00:00,238.0,2102.0
18:45:00,707.0,8354.0
20:15:00,169.0,1349.0
20:45:00,946.0,11225.0
18:15:00,221.0,1758.0
17:45:00,114.0,1060.0
18:00:00,621.0,7471.0
19:00:00,707.0,8354.0
20:15:00,626.0,7670.0
19:00:00,216.0,1913.0
19:30:00,707.0,8354.0
19:00:00,275.0,2448.0
21:15:00,621.0,7471.0
19:30:00,626.0,7670.0
18:15:00,316.0,2872.0
18:30:00,527.0,5594.0
19:15:00,626.0,7670.0
13:45:00,626.0,7670.0
19:30:00,626.0,7670.0
19:00:00,302.0,2570.0
13:00:00,707.0,8354.0
19:00:00,370.0,3261.0
19:00:00,699.0,8374.0
17:30:00,626.0,7670.0
18:15:00,226.0,1768.0
19:45:00,860.0,9655.0
18:45:00,626.0,7670.0
13:30:00,353.0,3041.0
13:00:00,707.0,8354.0
13:00:00,334.0,3124.0
18:30:00,236.0,2152.0
19:30:00,335.0,2712.0
19:00:00,259.0,2076.0
18:30:00,542.0,5582.0
19:45:00,285.0,2365.0
19:15:00,624.0,6515.0
18:15:00,235.0,2282.0
12:30:00,278.0,2513.0
19:45:00,506.0,4928.0
19:15:00,340.0,2819.0
19:30:00,504.0,5825.0
18:00:00,699.0,8374.0
18:15:00,138.0,1142.0
19:45:00,383.0,3699.0
19:45:00,626.0,7670.0
18:30:00,707.0,8354.0
18:30:00,58.0,508.0
19:45:00,807.0,11134.0
19:30:00,483.0,5049.0
20:00:00,265.0,2513.0
19:00:00,324.0,2760.0
18:30:00,404.0,3915.0
18:45:00,262.0,2295.0
19:00:00,268.0,2302.0
18:30:00,232.0,2198.0
19:30:00,567.0,4864.0
19:15:00,626.0,7670.0
18:00:00,626.0,7670.0
19:00:00,163.0,1521.0
19:30:00,707.0,8354.0
20:00:00,311.0,2996.0
11:00:00,707.0,8354.0
18:15:00,626.0,7670.0
19:00:00,720.0,8258.0
19:45:00,293.0,2668.0
18:15:00,429.0,3602.0
19:30:00,860.0,9655.0
12:00:00,222.0,1772.0
19:00:00,893.0,12305.0
18:30:00,337.0,3122.0
18:45:00,152.0,1104.0
18:15:00,626.0,7670.0
19:30:00,633.0,6736.0
18:15:00,421.0,3374.0
18:30:00,296.0,2312.0
18:45:00,626.0,7670.0
19:00:00,316.0,2901.0
20:00:00,715.0,8047.0
20:00:00,248.0,1984.0
18:15:00,252.0,2368.0
18:30:00,224.0,1815.0
18:45:00,707.0,8354.0
17:45:00,707.0,8354.0
20:00:00,245.0,2350.0
18:30:00,189.0,1626.0
18:30:00,335.0,2712.0
18:45:00,129.0,1037.0
18:15:00,754.0,11792.0
19:30:00,202.0,1729.0
18:30:00,541.0,6766.0
20:00:00,707.0,8354.0
18:45:00,860.0,9655.0
18:15:00,626.0,7670.0
19:30:00,541.0,6766.0
20:30:00,117.0,1078.0
19:30:00,95.0,788.0
12:30:00,295.0,2774.0
18:00:00,626.0,7670.0
18:00:00,739.0,6866.0
19:45:00,462.0,4178.0
20:00:00,224.0,1967.0
19:00:00,191.0,1414.0
18:15:00,375.0,3382.0
18:30:00,626.0,7670.0
19:15:00,268.0,2189.0
15:00:00,546.0,4419.0
21:00:00,163.0,1521.0
18:15:00,640.0,5953.0
18:30:00,577.0,4958.0
19:30:00,638.0,7763.0
20:30:00,496.0,5087.0
18:15:00,776.0,9495.0
20:30:00,860.0,9655.0
20:15:00,430.0,3739.0
18:15:00,626.0,7670.0
19:30:00,206.0,1873.0
18:30:00,631.0,7574.0
19:00:00,626.0,7670.0
20:00:00,154.0,1278.0
19:00:00,283.0,2398.0
20:15:00,872.0,13905.0
19:00:00,373.0,2808.0
20:15:00,300.0,2813.0
20:00:00,626.0,7670.0
18:15:00,377.0,3581.0
18:45:00,681.0,7206.0
19:30:00,201.0,1465.0
20:00:00,100.0,906.0
19:00:00,493.0,4336.0
18:30:00,189.0,1516.0
18:30:00,102.0,724.0
18:15:00,699.0,8374.0
18:15:00,352.0,3192.0
20:30:00,252.0,2136.0
18:30:00,309.0,2672.0
18:15:00,214.0,1826.0
20:15:00,256.0,2171.0
19:45:00,138.0,1142.0
18:30:00,271.0,2323.0
20:15:00,538.0,4886.0
19:00:00,626.0,7670.0
19:30:00,626.0,7670.0
18:30:00,641.0,8446.0
19:15:00,206.0,1873.0
13:45:00,541.0,6766.0
19:45:00,432.0,4403.0
19:15:00,421.0,3374.0
19:45:00,699.0,8374.0
20:30:00,134.0,1101.0
19:15:00,653.0,9521.0
20:15:00,220.0,2004.0
21:00:00,82.0,819.0
18:15:00,1192.0,22847.0
18:15:00,351.0,2770.0
19:00:00,626.0,7670.0
19:45:00,126.0,1051.0
20:15:00,642.0,6081.0
19:00:00,283.0,2294.0
19:00:00,589.0,6161.0
20:00:00,335.0,2624.0
18:15:00,206.0,1873.0
19:45:00,199.0,1812.0
18:30:00,626.0,7670.0
18:30:00,138.0,1142.0
20:45:00,200.0,1749.0
18:15:00,158.0,1349.0
18:15:00,275.0,2477.0
18:15:00,357.0,3360.0
19:45:00,542.0,6899.0
19:00:00,626.0,7670.0
18:30:00,296.0,2668.0
19:15:00,262.0,2295.0
19:00:00,303.0,2792.0
19:15:00,526.0,4521.0
18:00:00,626.0,7670.0
19:45:00,542.0,5582.0
20:30:00,626.0,7670.0
13:15:00,437.0,4135.0
19:30:00,264.0,2014.0
19:30:00,128.0,1202.0
19:45:00,384.0,3643.0
19:30:00,223.0,1775.0
19:15:00,638.0,7763.0
13:30:00,437.0,3871.0
19:45:00,224.0,2082.0
19:00:00,324.0,2760.0
18:00:00,259.0,2322.0
20:15:00,626.0,7670.0
18:15:00,626.0,7670.0
18:00:00,124.0,1061.0
19:00:00,699.0,8374.0
20:45:00,626.0,7670.0
18:30:00,262.0,2295.0
15:00:00,491.0,4366.0
19:45:00,552.0,5569.0
19:30:00,296.0,2312.0
18:30:00,239.0,2441.0
19:00:00,707.0,8354.0
18:00:00,707.0,8354.0
18:45:00,191.0,1414.0
18:30:00,254.0,1940.0
20:15:00,570.0,6947.0
19:00:00,271.0,2215.0
20:00:00,352.0,3391.0
19:45:00,233.0,2054.0
19:15:00,296.0,2560.0
18:15:00,626.0,7670.0
19:45:00,188.0,1697.0
13:00:00,208.0,1727.0
15:00:00,209.0,1826.0
19:00:00,707.0,8354.0
18:15:00,330.0,3147.0
19:45:00,199.0,1665.0
19:00:00,707.0,8354.0
18:45:00,268.0,2302.0
19:15:00,446.0,4396.0
18:30:00,800.0,10304.0
20:00:00,626.0,7670.0
18:30:00,442.0,4180.0
19:00:00,653.0,9521.0
11:45:00,220.0,1741.0
18:15:00,277.0,2395.0
19:15:00,699.0,8374.0
21:15:00,707.0,8354.0
14:15:00,626.0,7670.0
19:30:00,707.0,8354.0
18:00:00,234.0,2276.0
18:00:00,430.0,3739.0
18:15:00,657.0,9338.0
21:00:00,432.0,4075.0
19:15:00,354.0,3242.0
19:00:00,626.0,7670.0
20:45:00,100.0,906.0
12:15:00,133.0,1263.0
19:15:00,222.0,1898.0
18:15:00,263.0,2412.0
19:30:00,653.0,9521.0
19:15:00,497.0,5144.0
18:45:00,160.0,1088.0
20:30:00,163.0,1521.0
18:30:00,200.0,1749.0
18:30:00,312.0,2958.0
20:30:00,565.0,5641.0
18:30:00,599.0,5060.0
19:30:00,292.0,2357.0
19:00:00,192.0,1779.0
18:15:00,699.0,8374.0
18:30:00,626.0,7670.0
19:45:00,198.0,1816.0
20:30:00,357.0,2689.0
18:45:00,269.0,2445.0
18:30:00,723.0,10076.0
19:15:00,701.0,10518.0
19:00:00,144.0,1230.0
19:00:00,277.0,2365.0
20:30:00,707.0,8354.0
19:15:00,707.0,8354.0
20:00:00,262.0,2273.0
19:30:00,280.0,2183.0
13:15:00,726.0,8935.0
19:15:00,657.0,9338.0
18:00:00,335.0,2712.0
18:30:00,618.0,5123.0
19:00:00,539.0,5777.0
17:00:00,257.0,2576.0
19:00:00,699.0,8374.0
18:45:00,124.0,1040.0
19:30:00,335.0,2712.0
20:45:00,320.0,2852.0
19:00:00,626.0,7670.0
19:45:00,257.0,2187.0
19:30:00,860.0,9655.0
18:45:00,249.0,2009.0
18:15:00,290.0,2521.0
18:30:00,626.0,7670.0
19:00:00,527.0,5594.0
19:15:00,202.0,1729.0
20:00:00,280.0,2183.0
18:45:00,531.0,5047.0
19:30:00,626.0,7670.0
18:00:00,398.0,3623.0
19:15:00,449.0,4301.0
20:00:00,665.0,7901.0
20:15:00,308.0,2439.0
18:15:00,236.0,2152.0
18:00:00,860.0,9655.0
18:30:00,860.0,9655.0
19:45:00,323.0,2853.0
21:15:00,707.0,8354.0
18:30:00,123.0,1142.0
18:30:00,707.0,8354.0
19:45:00,250.0,2190.0
19:00:00,386.0,3374.0
12:15:00,637.0,5710.0
19:30:00,204.0,1577.0
19:30:00,440.0,4058.0
19:00:00,626.0,7670.0
19:30:00,626.0,7670.0
19:00:00,699.0,8374.0
20:00:00,626.0,7670.0
20:00:00,626.0,7670.0
19:00:00,626.0,7670.0
12:00:00,626.0,7670.0
18:15:00,238.0,2155.0
18:30:00,264.0,2014.0
19:00:00,362.0,3242.0
18:15:00,626.0,7670.0
19:45:00,262.0,2273.0
18:15:00,542.0,5582.0
18:30:00,638.0,7763.0
20:15:00,273.0,2690.0
18:15:00,626.0,7670.0
19:15:00,542.0,5582.0
20:30:00,491.0,5005.0
18:30:00,296.0,2389.0
19:15:00,626.0,7670.0
17:30:00,707.0,8354.0
18:00:00,253.0,1975.0
19:30:00,707.0,8354.0
20:30:00,626.0,7670.0
18:00:00,353.0,3292.0
20:15:00,440.0,3937.0
13:30:00,58.0,518.0
18:15:00,626.0,7670.0
13:00:00,292.0,2207.0
19:30:00,775.0,7232.0
19:15:00,316.0,2598.0
17:45:00,240.0,2028.0
17:45:00,707.0,8354.0
18:30:00,285.0,2365.0
18:45:00,285.0,2365.0
18:00:00,838.0,9519.0
19:15:00,275.0,2448.0
18:15:00,410.0,3750.0
16:45:00,707.0,8354.0
19:30:00,138.0,979.0
19:45:00,424.0,4461.0
21:00:00,626.0,7670.0
18:15:00,368.0,3562.0
19:45:00,699.0,8374.0
20:00:00,198.0,1893.0
20:00:00,541.0,6766.0
19:00:00,707.0,8354.0
19:15:00,626.0,7670.0
18:00:00,268.0,2293.0
20:15:00,626.0,7670.0
19:45:00,58.0,508.0
19:15:00,510.0,6407.0
18:45:00,626.0,7670.0
19:30:00,860.0,9655.0
19:15:00,213.0,2012.0
18:00:00,306.0,2676.0
19:15:00,70.0,564.0
19:00:00,626.0,7670.0
20:45:00,369.0,3468.0
18:30:00,239.0,2076.0
21:15:00,550.0,5391.0
18:30:00,386.0,3515.0
19:00:00,145.0,1364.0
18:45:00,707.0,8354.0
19:00:00,707.0,8354.0
18:30:00,860.0,9655.0
18:15:00,183.0,1581.0
19:15:00,449.0,4306.0
18:30:00,128.0,1184.0
13:00:00,195.0,1963.0
20:30:00,326.0,3001.0
19:45:00,227.0,1811.0
17:30:00,33.0,181.0
16:15:00,209.0,1826.0
12:00:00,353.0,3292.0
11:00:00,116.0,882.0
19:30:00,266.0,1850.0
13:30:00,214.0,1703.0
19:30:00,255.0,2192.0
19:30:00,262.0,2295.0
20:30:00,707.0,8354.0
19:45:00,626.0,7670.0
18:00:00,626.0,7670.0
19:00:00,707.0,8354.0
19:45:00,116.0,941.0
18:30:00,280.0,2114.0
19:30:00,348.0,2998.0
11:15:00,227.0,1900.0
19:45:00,433.0,3979.0
18:45:00,247.0,2394.0
20:15:00,263.0,2486.0
19:00:00,440.0,3937.0
21:15:00,158.0,1349.0
19:30:00,860.0,9655.0
18:45:00,221.0,1826.0
18:15:00,665.0,7901.0
19:00:00,541.0,6766.0
12:30:00,478.0,5336.0
18:15:00,317.0,2779.0
19:45:00,180.0,1610.0
19:45:00,626.0,7670.0
19:15:00,626.0,7670.0
20:00:00,626.0,7670.0
20:00:00,390.0,3766.0
18:00:00,344.0,3062.0
18:45:00,453.0,4536.0
20:15:00,707.0,8354.0
18:30:00,202.0,1494.0
18:15:00,626.0,7670.0
19:30:00,707.0,8354.0
21:00:00,229.0,1992.0
18:15:00,626.0,7670.0
18:30:00,707.0,8354.0
19:15:00,626.0,7670.0
19:15:00,352.0,2738.0
19:15:00,559.0,6077.0
18:15:00,148.0,1146.0
18:30:00,187.0,1667.0
18:45:00,626.0,7670.0
19:00:00,541.0,6766.0
13:30:00,417.0,3433.0
19:15:00,258.0,1898.0
19:30:00,177.0,1546.0
18:30:00,541.0,6766.0
19:45:00,626.0,7670.0
18:15:00,626.0,7670.0
20:15:00,707.0,8354.0
18:15:00,58.0,508.0
20:45:00,396.0,3388.0
19:30:00,152.0,1377.0
21:00:00,358.0,3334.0
20:45:00,707.0,8354.0
18:00:00,626.0,7670.0
19:45:00,324.0,3020.0
20:00:00,462.0,4013.0
20:15:00,342.0,3248.0
19:30:00,322.0,3295.0
11:15:00,256.0,2464.0
18:15:00,696.0,8811.0
11:15:00,308.0,2809.0
18:30:00,274.0,2166.0
18:30:00,330.0,3006.0
18:00:00,304.0,2884.0
19:00:00,308.0,2944.0
11:45:00,141.0,1268.0
19:45:00,206.0,1873.0
13:15:00,152.0,1377.0
21:00:00,626.0,7670.0
18:15:00,626.0,7670.0
19:30:00,626.0,7670.0
19:00:00,638.0,7763.0
19:45:00,626.0,7670.0
19:00:00,246.0,2368.0
19:00:00,458.0,5110.0
19:00:00,206.0,1992.0
19:30:00,621.0,7471.0
19:15:00,734.0,7482.0
19:45:00,626.0,7670.0
18:45:00,457.0,3874.0
18:15:00,707.0,8354.0
19:45:00,34.0,318.0
19:30:00,205.0,1730.0
18:30:00,570.0,6947.0
19:00:00,140.0,1328.0
19:15:00,669.0,10357.0
18:30:00,541.0,6766.0
18:30:00,266.0,2314.0
13:45:00,589.0,7266.0
19:30:00,390.0,3766.0
19:30:00,626.0,7670.0
11:45:00,305.0,2786.0
19:30:00,626.0,7670.0
18:15:00,723.0,10076.0
19:00:00,185.0,1636.0
18:30:00,454.0,4167.0
20:45:00,310.0,3083.0
18:00:00,220.0,1741.0
19:30:00,626.0,7670.0
11:15:00,699.0,8374.0
19:15:00,449.0,4306.0
19:30:00,310.0,3083.0
19:15:00,240.0,2028.0
19:15:00,304.0,2525.0
19:00:00,71.0,649.0
19:30:00,285.0,2119.0
19:00:00,251.0,2120.0
19:30:00,365.0,3534.0
19:15:00,684.0,6549.0
19:30:00,699.0,8374.0
18:15:00,309.0,2502.0
19:30:00,164.0,1421.0
11:15:00,626.0,7670.0
19:00:00,626.0,7670.0
18:30:00,238.0,2144.0
18:15:00,305.0,2879.0
19:00:00,699.0,8374.0
20:15:00,559.0,8461.0
11:30:00,570.0,6947.0
19:00:00,626.0,7670.0
18:30:00,626.0,7670.0
19:30:00,96.0,571.0
19:30:00,618.0,5043.0
19:00:00,262.0,2295.0
19:30:00,542.0,4323.0
19:00:00,290.0,2560.0
19:15:00,736.0,11310.0
20:00:00,270.0,2415.0
18:15:00,220.0,1741.0
18:45:00,626.0,7670.0
19:15:00,626.0,7670.0
18:15:00,569.0,6646.0
19:00:00,638.0,7763.0
19:15:00,707.0,8354.0
19:15:00,626.0,7670.0
20:00:00,362.0,3242.0
19:15:00,699.0,8374.0
19:00:00,275.0,2448.0
19:30:00,318.0,2798.0
19:45:00,262.0,2295.0
20:00:00,258.0,2153.0
19:30:00,626.0,7670.0
18:45:00,248.0,1790.0
19:30:00,286.0,2332.0
19:00:00,835.0,8707.0
18:15:00,247.0,2394.0
18:15:00,377.0,3822.0
20:00:00,190.0,1862.0
20:30:00,297.0,2880.0
19:45:00,91.0,798.0
17:45:00,310.0,3083.0
19:30:00,541.0,6766.0
18:15:00,707.0,8354.0
18:30:00,596.0,5309.0
21:15:00,232.0,2000.0
20:30:00,439.0,3819.0
19:00:00,243.0,1796.0
19:45:00,621.0,7471.0
13:15:00,335.0,2712.0
19:00:00,626.0,7670.0
19:30:00,192.0,1594.0
18:15:00,707.0,8354.0
18:30:00,626.0,7670.0
19:00:00,707.0,8354.0
19:00:00,174.0,1641.0
19:30:00,621.0,6201.0
19:45:00,360.0,3531.0
19:45:00,411.0,3416.0
19:15:00,259.0,2116.0
19:15:00,699.0,8374.0
20:15:00,707.0,8354.0
21:30:00,626.0,7670.0
18:15:00,419.0,3634.0
20:30:00,152.0,1469.0
17:45:00,185.0,1715.0
19:30:00,195.0,1587.0
11:45:00,300.0,2866.0
19:45:00,707.0,8354.0
18:30:00,626.0,7670.0
19:30:00,59.0,407.0
20:15:00,265.0,2513.0
19:45:00,368.0,3414.0
21:00:00,336.0,3593.0
19:00:00,230.0,1829.0
19:00:00,699.0,8374.0
18:45:00,621.0,7471.0
19:45:00,239.0,2076.0
19:30:00,626.0,7670.0
19:45:00,256.0,2290.0
19:00:00,352.0,2738.0
19:45:00,699.0,8374.0
15:00:00,540.0,4220.0
19:45:00,205.0,1924.0
20:15:00,536.0,6639.0
18:15:00,753.0,8907.0
18:00:00,218.0,1880.0
18:30:00,626.0,7670.0
17:45:00,527.0,5594.0
19:30:00,626.0,7670.0
19:15:00,206.0,1873.0
19:15:00,338.0,2705.0
18:15:00,800.0,12371.0
18:30:00,489.0,4481.0
17:00:00,707.0,8354.0
21:00:00,220.0,1908.0
19:00:00,626.0,7670.0
20:30:00,282.0,2648.0
20:15:00,163.0,1373.0
19:00:00,230.0,1740.0
11:15:00,527.0,5594.0
12:30:00,707.0,8354.0
18:15:00,541.0,6766.0
18:15:00,280.0,2183.0
21:00:00,626.0,7670.0
13:15:00,285.0,2365.0
19:45:00,216.0,1913.0
20:00:00,540.0,5107.0
20:15:00,626.0,7670.0
17:00:00,463.0,4366.0
18:15:00,626.0,7670.0
18:30:00,626.0,7670.0
18:15:00,262.0,2295.0
18:45:00,335.0,2712.0
19:45:00,164.0,1343.0
19:00:00,324.0,2760.0
19:30:00,229.0,2094.0
19:00:00,546.0,4419.0
19:30:00,191.0,1788.0
21:15:00,445.0,3920.0
20:30:00,541.0,6766.0
19:30:00,386.0,3515.0
17:30:00,285.0,2440.0
17:00:00,146.0,1381.0
11:45:00,860.0,9655.0
21:15:00,626.0,7670.0
18:45:00,492.0,5270.0
18:15:00,314.0,2906.0
19:00:00,626.0,7670.0
18:30:00,626.0,7670.0
19:30:00,707.0,8354.0
13:15:00,699.0,8374.0
17:00:00,699.0,8374.0
19:15:00,626.0,7670.0
18:15:00,534.0,5061.0
19:00:00,173.0,1192.0
19:30:00,626.0,7670.0
20:30:00,138.0,1142.0
19:00:00,291.0,2767.0
20:45:00,626.0,7670.0
20:15:00,285.0,2365.0
18:15:00,300.0,2563.0
12:15:00,312.0,2443.0
18:00:00,350.0,3343.0
19:45:00,707.0,8354.0
18:00:00,200.0,1749.0
18:15:00,152.0,1377.0
15:45:00,580.0,5326.0
18:00:00,197.0,1810.0
18:15:00,244.0,2197.0
18:30:00,306.0,2937.0
17:00:00,570.0,6947.0
18:45:00,247.0,1958.0
19:30:00,626.0,7670.0
19:30:00,262.0,2295.0
19:30:00,626.0,7670.0
18:00:00,110.0,818.0
19:30:00,707.0,8354.0
19:00:00,1243.0,20996.0
18:15:00,232.0,2198.0
11:45:00,130.0,1098.0
11:15:00,67.0,623.0
18:15:00,699.0,8374.0
18:15:00,295.0,2598.0
19:15:00,626.0,7670.0
19:15:00,707.0,8354.0
18:30:00,296.0,2553.0
19:00:00,638.0,7763.0
19:00:00,355.0,3030.0
20:15:00,201.0,1892.0
20:00:00,626.0,7670.0
19:30:00,699.0,8374.0
19:45:00,223.0,1864.0
19:00:00,283.0,2304.0
18:45:00,200.0,1720.0
18:30:00,199.0,1650.0
18:15:00,152.0,1175.0
12:30:00,626.0,7670.0
19:30:00,100.0,906.0
19:30:00,715.0,6952.0
12:00:00,512.0,6138.0
20:15:00,653.0,9521.0
21:00:00,310.0,3083.0
20:15:00,352.0,2901.0
19:30:00,621.0,7471.0
18:45:00,61.0,439.0
19:45:00,365.0,2790.0
19:30:00,357.0,3082.0
20:30:00,707.0,8354.0
19:45:00,318.0,2798.0
20:45:00,541.0,6766.0
19:30:00,180.0,1273.0
18:15:00,626.0,7670.0
19:00:00,186.0,1555.0
19:00:00,280.0,2088.0
19:00:00,147.0,1413.0
19:45:00,304.0,3105.0
18:45:00,209.0,1654.0
11:15:00,264.0,2014.0
20:00:00,296.0,2668.0
17:45:00,606.0,6887.0
21:30:00,626.0,7670.0
11:15:00,178.0,1418.0
18:45:00,96.0,571.0
11:15:00,160.0,1464.0
19:45:00,220.0,1741.0
18:30:00,285.0,2556.0
20:00:00,626.0,7670.0
20:15:00,699.0,8374.0
18:45:00,707.0,8354.0
18:30:00,316.0,2754.0
19:45:00,699.0,8374.0
20:15:00,225.0,1796.0
18:45:00,152.0,1377.0
19:00:00,276.0,2365.0
18:15:00,162.0,1258.0
18:45:00,177.0,1546.0
20:30:00,282.0,2512.0
18:15:00,499.0,5612.0
20:00:00,249.0,1893.0
19:45:00,238.0,2102.0
11:15:00,310.0,3083.0
18:30:00,210.0,1665.0
18:00:00,445.0,3920.0
19:30:00,233.0,2054.0
18:45:00,626.0,7670.0
20:30:00,176.0,1579.0
18:15:00,100.0,906.0
19:15:00,626.0,7670.0
19:30:00,243.0,1840.0
18:45:00,285.0,2365.0
18:30:00,224.0,1815.0
20:15:00,626.0,7670.0
19:00:00,489.0,4389.0
18:30:00,306.0,2722.0
20:00:00,443.0,5120.0
19:15:00,202.0,1729.0
19:30:00,310.0,3083.0
19:30:00,197.0,1766.0
18:00:00,626.0,7670.0
19:00:00,626.0,7670.0
18:45:00,249.0,2141.0
18:45:00,860.0,9655.0
20:00:00,192.0,1779.0
18:30:00,699.0,8374.0
20:15:00,505.0,4771.0
18:45:00,319.0,2718.0
19:00:00,262.0,2295.0
19:30:00,183.0,1581.0
21:00:00,377.0,3484.0
18:45:00,158.0,1452.0
18:15:00,276.0,2601.0
19:45:00,220.0,1741.0
20:15:00,259.0,2530.0
19:45:00,106.0,892.0
18:45:00,157.0,1595.0
18:15:00,716.0,8469.0
18:30:00,626.0,7670.0
18:45:00,263.0,2356.0
19:30:00,251.0,2010.0
18:30:00,131.0,1096.0
18:15:00,184.0,1750.0
19:00:00,235.0,2282.0
11:30:00,265.0,2513.0
14:30:00,293.0,2481.0
21:00:00,250.0,2134.0
19:15:00,134.0,1223.0
19:30:00,733.0,9933.0
19:00:00,176.0,1311.0
18:30:00,78.0,604.0
18:45:00,570.0,6947.0
11:45:00,163.0,1485.0
19:45:00,310.0,3083.0
19:45:00,236.0,2212.0
18:45:00,550.0,5391.0
18:15:00,255.0,2405.0
18:45:00,626.0,7670.0
20:45:00,626.0,7670.0
18:45:00,323.0,2067.0
18:15:00,347.0,2968.0
18:30:00,573.0,6452.0
19:45:00,346.0,3085.0
18:00:00,505.0,5447.0
20:00:00,626.0,7670.0
19:00:00,707.0,8354.0
19:15:00,707.0,8354.0
19:00:00,138.0,1142.0
18:30:00,657.0,9338.0
19:30:00,395.0,3379.0
18:45:00,135.0,1159.0
19:30:00,505.0,4882.0
21:30:00,638.0,7763.0
20:00:00,697.0,6728.0
18:15:00,270.0,2415.0
18:30:00,707.0,8354.0
12:15:00,304.0,2201.0
18:45:00,262.0,2281.0
19:30:00,767.0,7775.0
18:15:00,626.0,7670.0
20:30:00,386.0,3515.0
18:45:00,319.0,2902.0
19:15:00,390.0,3766.0
20:00:00,350.0,3343.0
18:30:00,707.0,8354.0
20:15:00,626.0,7670.0
19:15:00,349.0,3151.0
18:30:00,720.0,8258.0
13:00:00,626.0,7670.0
19:15:00,496.0,5068.0
18:00:00,626.0,7670.0
21:15:00,665.0,7901.0
19:15:00,626.0,7670.0
19:00:00,198.0,1517.0
19:45:00,242.0,2024.0
19:15:00,110.0,818.0
19:00:00,417.0,3822.0
18:15:00,418.0,3728.0
20:45:00,460.0,4201.0
19:15:00,626.0,7670.0
18:15:00,626.0,7670.0
18:45:00,462.0,4277.0
20:00:00,699.0,8374.0
18:30:00,234.0,1943.0
19:45:00,224.0,2082.0
18:00:00,626.0,7670.0
18:30:00,626.0,7670.0
19:00:00,643.0,7764.0
19:00:00,626.0,7670.0
12:00:00,626.0,7670.0
19:30:00,626.0,7670.0
18:30:00,401.0,3695.0
11:15:00,225.0,1901.0
18:15:00,264.0,2014.0
18:30:00,654.0,6517.0
19:00:00,286.0,2332.0
19:00:00,335.0,2712.0
20:30:00,658.0,11053.0
18:15:00,621.0,7471.0
18:30:00,626.0,7670.0
18:15:00,707.0,8354.0
13:15:00,623.0,6400.0
19:30:00,707.0,8354.0
18:30:00,315.0,2802.0
19:00:00,382.0,3787.0
19:30:00,247.0,2208.0
19:00:00,621.0,7471.0
19:30:00,310.0,3083.0
17:45:00,626.0,7670.0
11:30:00,648.0,6350.0
16:30:00,224.0,1815.0
19:30:00,723.0,10076.0
18:00:00,318.0,2798.0
19:15:00,621.0,7471.0
19:45:00,222.0,1927.0
18:00:00,626.0,7670.0
20:00:00,406.0,3872.0
18:30:00,626.0,7670.0
20:15:00,291.0,2767.0
19:00:00,347.0,2999.0
18:15:00,620.0,7601.0
18:15:00,699.0,8374.0
13:00:00,268.0,2189.0
21:00:00,224.0,1815.0
19:45:00,699.0,8374.0
18:45:00,394.0,3354.0
19:00:00,918.0,12727.0
20:15:00,579.0,5355.0
19:30:00,699.0,8374.0
17:15:00,626.0,7670.0
18:15:00,644.0,8234.0
19:00:00,255.0,2070.0
19:30:00,163.0,1521.0
18:00:00,348.0,3534.0
18:00:00,178.0,1418.0
19:45:00,183.0,1581.0
19:30:00,202.0,1729.0
20:45:00,216.0,1705.0
18:00:00,699.0,8374.0
19:45:00,203.0,1734.0
18:15:00,486.0,4629.0
19:15:00,187.0,1667.0
20:15:00,237.0,1813.0
18:15:00,296.0,2554.0
19:45:00,124.0,1061.0
11:15:00,247.0,2365.0
21:15:00,310.0,3083.0
20:00:00,169.0,1329.0
18:00:00,626.0,7670.0
20:45:00,626.0,7670.0
18:00:00,542.0,6899.0
19:45:00,133.0,1201.0
19:00:00,244.0,2197.0
18:30:00,349.0,2673.0
19:00:00,329.0,2752.0
11:45:00,657.0,6925.0
19:00:00,626.0,7670.0
19:30:00,274.0,2225.0
19:15:00,169.0,1359.0
12:45:00,238.0,2262.0
14:00:00,707.0,8354.0
14:30:00,707.0,8354.0
18:15:00,541.0,6766.0
19:00:00,220.0,2038.0
12:00:00,399.0,3586.0
19:00:00,292.0,2357.0
11:30:00,707.0,8354.0
19:00:00,145.0,1374.0
18:30:00,358.0,3382.0
19:30:00,638.0,7763.0
19:15:00,202.0,1729.0
19:45:00,252.0,2136.0
19:00:00,626.0,7670.0
12:15:00,130.0,941.0
19:15:00,542.0,5582.0
19:15:00,176.0,1416.0
19:00:00,707.0,8354.0
20:00:00,134.0,1222.0
18:45:00,264.0,2014.0
19:15:00,311.0,2347.0
19:15:00,248.0,2069.0
20:15:00,290.0,2870.0
19:30:00,112.0,926.0
14:15:00,527.0,5594.0
17:45:00,657.0,6925.0
18:30:00,626.0,7670.0
18:00:00,626.0,7670.0
20:45:00,262.0,2295.0
18:15:00,170.0,1446.0
19:15:00,129.0,1037.0
19:30:00,198.0,1517.0
19:15:00,638.0,7763.0
18:30:00,626.0,7670.0
18:30:00,145.0,1247.0
20:45:00,224.0,1815.0
20:15:00,58.0,518.0
18:15:00,443.0,5120.0
18:30:00,198.0,1517.0
17:30:00,541.0,6766.0
17:45:00,856.0,9470.0
19:30:00,326.0,2838.0
18:15:00,287.0,2593.0
19:15:00,626.0,7670.0
18:30:00,860.0,9655.0
17:45:00,795.0,14291.0
19:15:00,200.0,1749.0
19:30:00,115.0,903.0
12:15:00,310.0,3083.0
18:15:00,435.0,3731.0
19:00:00,245.0,2284.0
19:45:00,100.0,906.0
11:30:00,707.0,8354.0
20:15:00,268.0,2302.0
18:15:00,296.0,2703.0
19:00:00,183.0,1487.0
18:30:00,626.0,7670.0
18:30:00,172.0,1601.0
18:45:00,403.0,3671.0
19:30:00,723.0,10076.0
20:30:00,388.0,3454.0
19:45:00,304.0,2201.0
19:45:00,394.0,3354.0
19:00:00,626.0,7670.0
18:45:00,643.0,7764.0
20:15:00,319.0,2902.0
20:15:00,160.0,1464.0
19:15:00,100.0,906.0
19:00:00,626.0,7670.0
18:30:00,330.0,2662.0
19:00:00,626.0,7670.0
19:45:00,570.0,6947.0
20:00:00,588.0,6009.0
19:45:00,399.0,3712.0
19:00:00,626.0,7670.0
20:15:00,707.0,8354.0
18:30:00,626.0,7670.0
14:30:00,626.0,5103.0
11:30:00,267.0,2489.0
18:15:00,626.0,7670.0
18:00:00,352.0,3391.0
20:00:00,626.0,7670.0
19:45:00,190.0,1862.0
20:45:00,621.0,7471.0
19:15:00,690.0,6773.0
19:45:00,285.0,2365.0
19:45:00,699.0,8374.0
18:15:00,536.0,4285.0
19:15:00,337.0,3122.0
18:00:00,723.0,10076.0
13:00:00,542.0,5582.0
12:15:00,256.0,2384.0
13:00:00,335.0,2624.0
19:45:00,258.0,2486.0
19:30:00,699.0,8374.0
18:15:00,626.0,7670.0
19:45:00,432.0,4075.0
11:15:00,626.0,7670.0
19:30:00,390.0,3766.0
18:15:00,707.0,8354.0
19:00:00,626.0,7670.0
14:30:00,163.0,1521.0
20:00:00,154.0,1278.0
18:30:00,291.0,2767.0
18:45:00,861.0,12004.0
18:30:00,626.0,7670.0
19:00:00,699.0,8374.0
18:15:00,220.0,1741.0
19:15:00,285.0,2365.0
19:45:00,649.0,7329.0
19:45:00,626.0,7670.0
19:30:00,699.0,8374.0
19:45:00,458.0,5110.0
14:00:00,638.0,7763.0
18:30:00,259.0,2147.0
19:30:00,182.0,1690.0
17:30:00,852.0,10244.0
20:30:00,306.0,2371.0
18:15:00,250.0,2035.0
18:45:00,487.0,4588.0
18:30:00,202.0,1729.0
19:30:00,150.0,1215.0
18:15:00,324.0,3232.0
12:15:00,293.0,2668.0
18:15:00,518.0,5079.0
19:45:00,626.0,7670.0
18:45:00,459.0,4805.0
18:15:00,268.0,2191.0
19:30:00,200.0,1749.0
18:30:00,262.0,2273.0
18:15:00,265.0,2513.0
18:30:00,71.0,649.0
17:30:00,124.0,1293.0
18:30:00,707.0,8354.0
18:30:00,513.0,5410.0
19:00:00,387.0,3380.0
21:15:00,386.0,3374.0
12:30:00,390.0,3766.0
20:45:00,396.0,3421.0
21:00:00,262.0,2106.0
18:45:00,720.0,8258.0
20:15:00,115.0,751.0
18:15:00,228.0,1973.0
19:00:00,296.0,2516.0
19:45:00,707.0,8354.0
17:30:00,539.0,5777.0
13:30:00,842.0,9179.0
20:45:00,247.0,2114.0
18:30:00,133.0,1263.0
19:00:00,626.0,7670.0
19:30:00,644.0,6448.0
17:45:00,289.0,2574.0
20:45:00,352.0,2738.0
18:15:00,186.0,1732.0
18:45:00,224.0,1726.0
19:00:00,310.0,3083.0
20:45:00,253.0,2193.0
19:45:00,318.0,2798.0
18:30:00,1015.0,15134.0
19:15:00,626.0,7670.0
19:15:00,852.0,10244.0
20:15:00,138.0,1142.0
19:15:00,292.0,2309.0
20:00:00,352.0,3026.0
17:45:00,297.0,2280.0
18:30:00,291.0,2767.0
18:45:00,209.0,1826.0
19:30:00,268.0,2302.0
18:00:00,351.0,2770.0
19:45:00,626.0,7670.0
18:15:00,148.0,1341.0
18:30:00,626.0,7670.0
20:00:00,707.0,8354.0
19:15:00,626.0,7670.0
19:45:00,626.0,7670.0
19:45:00,707.0,8354.0
18:45:00,580.0,5326.0
17:30:00,626.0,7670.0
18:45:00,173.0,1192.0
20:00:00,308.0,2712.0
19:15:00,102.0,724.0
19:00:00,707.0,8354.0
19:45:00,432.0,4179.0
18:15:00,265.0,2091.0
18:30:00,389.0,3636.0
18:30:00,457.0,3874.0
13:00:00,527.0,5594.0
18:30:00,197.0,1762.0
11:45:00,626.0,7670.0
21:00:00,314.0,2670.0
20:00:00,310.0,3083.0
19:30:00,626.0,7670.0
20:15:00,592.0,5641.0
19:30:00,177.0,1311.0
19:00:00,699.0,8374.0
20:00:00,626.0,7670.0
18:00:00,626.0,7670.0
19:30:00,284.0,2243.0
18:30:00,621.0,7471.0
18:15:00,373.0,3325.0
19:15:00,707.0,8354.0
19:45:00,310.0,3083.0
20:15:00,282.0,2648.0
19:00:00,187.0,1667.0
20:15:00,133.0,1201.0
19:30:00,253.0,2147.0
19:30:00,335.0,2712.0
19:15:00,138.0,972.0
18:30:00,626.0,7670.0
18:00:00,626.0,7670.0
19:00:00,142.0,1036.0
18:30:00,460.0,4678.0
19:00:00,389.0,3636.0
19:00:00,291.0,2767.0
18:30:00,338.0,3381.0
19:15:00,181.0,1690.0
19:30:00,542.0,6899.0
19:30:00,366.0,2874.0
19:45:00,263.0,2197.0
20:45:00,351.0,3104.0
18:00:00,635.0,5816.0
19:00:00,87.0,678.0
19:15:00,200.0,1797.0
19:30:00,235.0,2013.0
20:30:00,707.0,8354.0
19:45:00,291.0,2767.0
20:00:00,707.0,8354.0
11:15:00,699.0,8374.0
18:30:00,707.0,8354.0
18:00:00,132.0,907.0
19:00:00,293.0,2481.0
19:30:00,144.0,1129.0
18:15:00,500.0,4433.0
18:15:00,134.0,1138.0
19:30:00,87.0,523.0
18:15:00,148.0,1146.0
19:15:00,626.0,7670.0
19:30:00,198.0,1517.0
18:15:00,449.0,4306.0
19:15:00,124.0,1061.0
19:45:00,626.0,7670.0
18:00:00,184.0,1706.0
19:45:00,196.0,1696.0
19:15:00,138.0,1142.0
19:00:00,48.0,467.0
21:00:00,314.0,2717.0
19:00:00,50.0,219.0
19:00:00,186.0,1605.0
18:15:00,330.0,2535.0
18:30:00,152.0,1377.0
19:30:00,724.0,8448.0
20:45:00,163.0,1521.0
12:45:00,368.0,3414.0
18:00:00,33.0,169.0
19:45:00,83.0,728.0
19:30:00,563.0,6240.0
17:45:00,699.0,8374.0
19:00:00,292.0,2207.0
19:30:00,493.0,4078.0
19:00:00,224.0,1815.0
19:45:00,273.0,2500.0
18:15:00,239.0,2250.0
20:15:00,860.0,9655.0
18:30:00,447.0,4843.0
19:30:00,343.0,2597.0
19:15:00,293.0,2481.0
18:15:00,164.0,1137.0
20:15:00,407.0,4062.0
19:00:00,626.0,7670.0
18:00:00,626.0,7670.0
20:30:00,318.0,3006.0
11:15:00,184.0,1618.0
18:45:00,626.0,7670.0
18:30:00,708.0,11697.0
19:15:00,134.0,1127.0
12:15:00,541.0,6766.0
19:15:00,893.0,12305.0
20:30:00,541.0,6766.0
19:00:00,207.0,1848.0
20:45:00,699.0,8374.0
18:15:00,770.0,8454.0
18:30:00,274.0,2484.0
18:45:00,132.0,1240.0
18:30:00,252.0,2039.0
20:00:00,540.0,5107.0
19:15:00,626.0,7670.0
19:30:00,624.0,6515.0
18:00:00,292.0,2357.0
19:30:00,509.0,4613.0
20:00:00,532.0,5056.0
19:15:00,181.0,1452.0
18:15:00,400.0,3438.0
19:15:00,95.0,895.0
19:15:00,860.0,9655.0
18:45:00,626.0,7670.0
20:45:00,717.0,9511.0
18:45:00,626.0,7670.0
20:00:00,124.0,1013.0
18:15:00,225.0,1864.0
15:45:00,268.0,2302.0
19:45:00,182.0,1435.0
19:45:00,163.0,1521.0
18:45:00,262.0,2295.0
18:30:00,34.0,318.0
20:00:00,179.0,1432.0
20:30:00,98.0,506.0
11:15:00,143.0,1274.0
19:00:00,626.0,7670.0
19:00:00,291.0,2767.0
11:15:00,259.0,2116.0
13:00:00,70.0,564.0
20:30:00,670.0,9808.0
18:30:00,626.0,7670.0
20:00:00,621.0,7471.0
20:00:00,313.0,2711.0
19:15:00,399.0,3390.0
13:15:00,43.0,394.0
19:45:00,542.0,5582.0
19:15:00,444.0,4368.0
18:45:00,626.0,7670.0
18:15:00,310.0,3083.0
18:30:00,1070.0,12409.0
20:15:00,163.0,1521.0
19:00:00,707.0,8354.0
20:45:00,230.0,2098.0
19:00:00,699.0,8374.0
19:30:00,626.0,7670.0
19:00:00,428.0,3654.0
21:30:00,280.0,2475.0
19:00:00,622.0,6884.0
19:15:00,707.0,8354.0
13:00:00,621.0,7471.0
18:30:00,350.0,2933.0
19:30:00,626.0,7670.0
18:15:00,626.0,7670.0
20:15:00,348.0,3026.0
19:15:00,287.0,2348.0
19:15:00,145.0,1301.0
18:45:00,644.0,6924.0
18:15:00,221.0,2079.0
18:30:00,541.0,6766.0
17:45:00,220.0,1908.0
18:45:00,310.0,3083.0
20:45:00,390.0,3766.0
18:00:00,202.0,1729.0
21:00:00,621.0,7471.0
18:45:00,626.0,7670.0
18:15:00,310.0,3083.0
20:30:00,626.0,7670.0
11:15:00,626.0,7670.0
19:30:00,626.0,7670.0
18:45:00,318.0,2964.0
19:00:00,310.0,3083.0
20:15:00,293.0,2426.0
14:30:00,448.0,3843.0
19:45:00,377.0,3649.0
18:30:00,142.0,1268.0
12:30:00,300.0,2866.0
18:30:00,624.0,6345.0
19:45:00,208.0,1943.0
18:15:00,566.0,5879.0
19:00:00,343.0,2962.0
20:45:00,638.0,7763.0
13:45:00,570.0,6947.0
18:15:00,262.0,2235.0
19:30:00,626.0,7670.0
11:15:00,393.0,3920.0
19:30:00,448.0,4278.0
19:15:00,626.0,7670.0
19:30:00,266.0,2330.0
18:30:00,213.0,1868.0
18:30:00,260.0,2355.0
20:30:00,215.0,1612.0
20:00:00,707.0,8354.0
19:45:00,495.0,4550.0
20:15:00,117.0,939.0
19:00:00,626.0,7670.0
10:30:00,198.0,1517.0
21:15:00,470.0,4707.0
19:30:00,181.0,1326.0
19:45:00,336.0,3593.0
19:45:00,310.0,3083.0
19:00:00,427.0,4253.0
14:30:00,626.0,7670.0
18:15:00,221.0,1867.0
18:45:00,860.0,9655.0
19:30:00,280.0,2183.0
18:45:00,401.0,3702.0
11:30:00,707.0,8354.0
19:45:00,626.0,7670.0
18:00:00,178.0,1325.0
10:45:00,222.0,2074.0
18:30:00,200.0,1749.0
18:45:00,234.0,1943.0
18:30:00,249.0,2009.0
18:15:00,699.0,8374.0
11:30:00,353.0,3142.0
20:30:00,390.0,3766.0
20:45:00,259.0,2076.0
19:15:00,138.0,1142.0
18:30:00,626.0,7670.0
19:45:00,164.0,1137.0
18:30:00,100.0,792.0
18:45:00,372.0,3318.0
18:30:00,699.0,8374.0
18:30:00,71.0,649.0
19:30:00,132.0,1303.0
18:30:00,244.0,2197.0
19:00:00,103.0,880.0
18:45:00,626.0,7670.0
18:45:00,437.0,3921.0
18:30:00,320.0,2872.0
21:15:00,626.0,7670.0
18:30:00,173.0,1444.0
18:00:00,621.0,7471.0
18:30:00,197.0,1762.0
12:30:00,626.0,7670.0
18:15:00,34.0,318.0
18:45:00,279.0,2222.0
20:00:00,626.0,7670.0
18:15:00,643.0,9026.0
18:00:00,310.0,3083.0
19:00:00,626.0,7670.0
21:00:00,626.0,7670.0
12:30:00,586.0,5589.0
19:00:00,314.0,2786.0
20:00:00,621.0,7471.0
18:00:00,170.0,1599.0
18:15:00,157.0,1595.0
18:30:00,574.0,6114.0
18:45:00,626.0,7670.0
13:15:00,188.0,1553.0
19:30:00,626.0,7670.0
18:15:00,158.0,1471.0
19:15:00,707.0,8354.0
18:30:00,299.0,2623.0
20:00:00,163.0,1521.0
20:00:00,317.0,2644.0
18:30:00,669.0,10357.0
19:15:00,239.0,2076.0
19:30:00,626.0,7670.0
13:00:00,626.0,7670.0
19:45:00,160.0,1535.0
18:00:00,178.0,1557.0
19:30:00,291.0,2767.0
19:15:00,334.0,2999.0
20:30:00,264.0,2380.0
18:45:00,267.0,1968.0
18:45:00,531.0,5047.0
18:45:00,157.0,1595.0
18:30:00,638.0,7763.0
19:00:00,225.0,2188.0
20:15:00,852.0,10244.0
20:45:00,324.0,2870.0
19:30:00,626.0,7670.0
19:15:00,626.0,7670.0
19:30:00,439.0,3819.0
18:15:00,263.0,2442.0
20:15:00,291.0,2767.0
18:00:00,153.0,1394.0
19:15:00,338.0,2862.0
13:45:00,707.0,8354.0
17:45:00,707.0,8354.0
18:45:00,214.0,1878.0
19:30:00,168.0,1330.0
20:15:00,626.0,7670.0
18:15:00,223.0,1747.0
19:45:00,267.0,2262.0
19:30:00,143.0,1368.0
11:15:00,247.0,2204.0
18:30:00,182.0,1531.0
20:30:00,460.0,4201.0
19:30:00,222.0,1898.0
12:00:00,284.0,2505.0
18:45:00,169.0,1420.0
20:45:00,217.0,2052.0
20:30:00,129.0,1111.0
19:00:00,218.0,1880.0
19:15:00,67.0,488.0
18:45:00,458.0,5110.0
18:00:00,638.0,7763.0
19:15:00,330.0,2838.0
20:00:00,542.0,5582.0
20:30:00,621.0,7471.0
21:15:00,629.0,5787.0
18:15:00,344.0,3054.0
11:15:00,53.0,425.0
19:00:00,404.0,3769.0
19:00:00,382.0,3168.0
11:30:00,116.0,792.0
18:45:00,190.0,1862.0
20:30:00,421.0,4268.0
19:15:00,146.0,1290.0
18:15:00,199.0,1810.0
19:00:00,573.0,6452.0
20:15:00,189.0,1626.0
19:15:00,399.0,3712.0
19:15:00,621.0,7471.0
19:45:00,626.0,7670.0
19:30:00,496.0,5068.0
21:00:00,265.0,2513.0
19:30:00,327.0,3112.0
18:45:00,596.0,7042.0
18:15:00,351.0,2770.0
19:15:00,626.0,7670.0
19:30:00,259.0,2322.0
19:15:00,864.0,9916.0
19:15:00,707.0,8354.0
18:00:00,570.0,6947.0
20:15:00,626.0,7670.0
20:15:00,233.0,1964.0
19:15:00,311.0,2347.0
13:30:00,626.0,7670.0
18:15:00,707.0,8354.0
20:00:00,626.0,7670.0
19:15:00,268.0,2230.0
18:45:00,58.0,508.0
13:15:00,626.0,7670.0
20:15:00,350.0,2933.0
21:00:00,481.0,4432.0
18:30:00,472.0,4114.0
19:45:00,298.0,2715.0
18:00:00,399.0,3920.0
18:15:00,626.0,7670.0
20:15:00,390.0,3766.0
19:00:00,776.0,7569.0
19:00:00,460.0,4678.0
18:15:00,110.0,949.0
19:45:00,626.0,7670.0
18:00:00,699.0,8374.0
19:30:00,424.0,4353.0
19:00:00,395.0,3549.0
18:30:00,247.0,2385.0
18:15:00,135.0,1245.0
19:30:00,362.0,3242.0
19:15:00,707.0,8354.0
21:00:00,626.0,7670.0
19:00:00,236.0,2152.0
18:00:00,626.0,7670.0
18:30:00,707.0,8354.0
18:45:00,254.0,1940.0
19:45:00,306.0,2676.0
19:30:00,264.0,2262.0
18:30:00,746.0,7966.0
19:15:00,264.0,2014.0
18:30:00,234.0,2008.0
13:00:00,263.0,2171.0
19:30:00,142.0,1268.0
20:15:00,860.0,9655.0
20:00:00,148.0,1403.0
19:30:00,707.0,8354.0
12:00:00,626.0,7670.0
19:30:00,268.0,2191.0
12:00:00,264.0,2014.0
19:45:00,570.0,6477.0
19:00:00,509.0,4613.0
18:00:00,200.0,1749.0
18:45:00,626.0,7670.0
18:15:00,573.0,6452.0
19:15:00,183.0,1487.0
20:45:00,626.0,7670.0
20:30:00,374.0,3363.0
11:15:00,626.0,7670.0
19:30:00,164.0,1618.0
19:45:00,707.0,8354.0
12:15:00,238.0,1965.0
18:00:00,100.0,906.0
19:45:00,169.0,1420.0
19:30:00,292.0,2207.0
19:00:00,346.0,3336.0
19:45:00,296.0,2703.0
19:15:00,268.0,2189.0
18:30:00,61.0,439.0
18:00:00,147.0,1253.0
18:30:00,229.0,1923.0
19:45:00,275.0,2341.0
17:45:00,626.0,7670.0
20:00:00,236.0,1979.0
20:45:00,216.0,1913.0
19:00:00,178.0,1359.0
19:45:00,242.0,2156.0
19:15:00,626.0,7670.0
18:30:00,408.0,4711.0
20:30:00,626.0,7670.0
19:30:00,135.0,1245.0
18:15:00,216.0,2050.0
18:15:00,626.0,7670.0
19:30:00,350.0,2172.0
19:00:00,626.0,7670.0
21:00:00,313.0,2535.0
